Natalia,Sudderth
Willia,Janda
Susan,Lawhorn
Weston,Mcnary
Harlan,Fells
Ellena,Mccright
Tonda,Sherman
Cordelia,Niday
Vanda,Clutts
Earnestine,Heimann
Nigel,Makin
Keisha,Phipps
Staci,Champion
Rolanda,Cerrone
Suzanne,Cirillo
Tess,Foshee
Kennith,Rencher
Yadira,Goldstein
Jacob,Gallup
Liana,Blystone
Piper,Fisher
Mafalda,Noffsinger
Lashay,Dirks
Melany,Alfaro
Dawna,Jantz
Katharine,Hilaire
Tamisha,Belgrave
Jarvis,Vogl
Mayra,Englert
Alane,Folger
Audrie,Villanveva
Eliana,Dunavant
Yong,Thoreson
Kia,Veasey
Renetta,Marra
August,Ang
Ward,Bibler
Sarina,Blumenfeld
Xiao,Febres
Lura,Mayr
Zulema,Haldeman
Arminda,Rennick
Corrin,Rhode
Antoine,Penner
Danille,Hinshaw
Johnette,Hargrave
Jerold,Fierro
Demetra,Eoff
Charleen,Bramble
Mario,Tondreau
Randi,Clemens
Maryam,Lasher
Sadye,Gayman
Dorla,Overlock
Leontine,Takemoto
Lyman,Flournoy
Ladawn,Cotton
Ethelene,Mcmullin
Peter,Sabia
Queenie,Bolin
Chun,Woodall
Pamelia,Manley
Margarett,Sellman
Kati,Fenn
Bong,Grogg
Michel,Wiechmann
Tobias,Threadgill
Inell,Rients
Tyisha,Micheals
Madeleine,Lucey
Delphine,Overmyer
Marianela,Shipley
Treasa,Blumer
Suanne,Hannold
Joey,Fickel
Jimmie,Augustus
Emmie,Baccus
Lenora,Moyer
Lashell,Windle
Tim,Faust
Verdie,Vanwinkle
Ulysses,Casteel
Sherie,Haner
Christena,Estep
Mercedez,Eastland
Bertie,Filip
Dorris,Drennen
Sibyl,Budniewski
Juanita,Visser
Loraine,Dilorenzo
Sharie,Mcveigh
Etta,Fauver
Mia,Rorie
Cassi,Stotler
Waldo,Predmore
Gwenda,Daigneault
Emil,Rogowski
Yulanda,Westberry
Chin,Trenholm
Robert,Keith
Jesus,Goble
Lyla,Saulters
Rocio,Salcido
Sol,Delapaz
Cherryl,Brenneman
Mickey,Jeff
Doris,Clegg
Laureen,Heesch
Melynda,Carraway
Vaughn,Reddin
Meghann,Kottke
Christine,Hower
Verna,Ketner
Chance,Durgan
Mammie,Miura
Gennie,Pugsley
Freddy,Carabello
Elvie,Alfieri
Leona,Doten
Alejandra,Homeyer
Patrice,Hammers
Lucretia,Folkerts
Lu,Wedgeworth
Delma,Citizen
Emeline,Sellman
Chaya,Loredo
Aurelia,Hartin
Anibal,Thao
Josiah,Spurgeon
Ginny,Halsted
Fredia,Witherington
Vincenza,Saito
Daryl,Sudduth
Shae,Bensinger
Woodrow,Stavros
Leonel,Dumlao
Wilhelmina,Almond
Annamarie,Blakeslee
Deloise,Skillman
Howard,Bennett
Genia,Kimbell
Gregory,Gannaway
Izetta,Delp
Malissa,Font
Susann,Murphy
Adaline,Rocker
Delphine,Metzger
Shad,Lampe
Rubin,Cicero
Dorian,Maya
Natalia,Sudderth
Willia,Janda
Susan,Lawhorn
Weston,Mcnary
Harlan,Fells
Ellena,Mccright
Tonda,Sherman
Cordelia,Niday
Vanda,Clutts
Earnestine,Heimann
Nigel,Makin
Keisha,Phipps
Staci,Champion
Rolanda,Cerrone
Suzanne,Cirillo
Tess,Foshee
Kennith,Rencher
Yadira,Goldstein
Jacob,Gallup
Liana,Blystone
Piper,Fisher
Mafalda,Noffsinger
Lashay,Dirks
Melany,Alfaro
Dawna,Jantz
Katharine,Hilaire
Tamisha,Belgrave
Jarvis,Vogl
Mayra,Englert
Alane,Folger
Audrie,Villanveva
Eliana,Dunavant
Yong,Thoreson
Kia,Veasey
Renetta,Marra
August,Ang
Ward,Bibler
Sarina,Blumenfeld
Xiao,Febres
Lura,Mayr
Zulema,Haldeman
Arminda,Rennick
Corrin,Rhode
Antoine,Penner
Danille,Hinshaw
Johnette,Hargrave
Jerold,Fierro
Demetra,Eoff
Charleen,Bramble
Mario,Tondreau
Randi,Clemens
Maryam,Lasher
Sadye,Gayman
Dorla,Overlock
Leontine,Takemoto
Lyman,Flournoy
Ladawn,Cotton
Ethelene,Mcmullin
Peter,Sabia
Queenie,Bolin
Chun,Woodall
Pamelia,Manley
Margarett,Sellman
Kati,Fenn
Bong,Grogg
Michel,Wiechmann
Tobias,Threadgill
Inell,Rients
Tyisha,Micheals
Madeleine,Lucey
Delphine,Overmyer
Marianela,Shipley
Treasa,Blumer
Suanne,Hannold
Joey,Fickel
Jimmie,Augustus
Emmie,Baccus
Lenora,Moyer
Lashell,Windle
Tim,Faust
Verdie,Vanwinkle
Ulysses,Casteel
Sherie,Haner
Christena,Estep
Mercedez,Eastland
Bertie,Filip
Dorris,Drennen
Sibyl,Budniewski
Juanita,Visser
Loraine,Dilorenzo
Sharie,Mcveigh
Etta,Fauver
Mia,Rorie
Cassi,Stotler
Waldo,Predmore
Gwenda,Daigneault
Emil,Rogowski
Yulanda,Westberry
Chin,Trenholm
Robert,Keith
Jesus,Goble
Lyla,Saulters
Rocio,Salcido
Sol,Delapaz
Cherryl,Brenneman
Mickey,Jeff
Doris,Clegg
Laureen,Heesch
Melynda,Carraway
Vaughn,Reddin
Meghann,Kottke
Christine,Hower
Verna,Ketner
Chance,Durgan
Mammie,Miura
Gennie,Pugsley
Freddy,Carabello
Elvie,Alfieri
Leona,Doten
Alejandra,Homeyer
Patrice,Hammers
Lucretia,Folkerts
Lu,Wedgeworth
Delma,Citizen
Emeline,Sellman
Chaya,Loredo
Aurelia,Hartin
Anibal,Thao
Josiah,Spurgeon
Ginny,Halsted
Fredia,Witherington
Vincenza,Saito
Daryl,Sudduth
Shae,Bensinger
Woodrow,Stavros
Leonel,Dumlao
Wilhelmina,Almond
Annamarie,Blakeslee
Deloise,Skillman
Howard,Bennett
Genia,Kimbell
Gregory,Gannaway
Izetta,Delp
Malissa,Font
Susann,Murphy
Adaline,Rocker
Delphine,Metzger
Shad,Lampe
Rubin,Cicero
Dorian,Maya
Natalia,Sudderth
Willia,Janda
Susan,Lawhorn
Weston,Mcnary
Harlan,Fells
Ellena,Mccright
Tonda,Sherman
Cordelia,Niday
Vanda,Clutts
Earnestine,Heimann
Nigel,Makin
Keisha,Phipps
Staci,Champion
Rolanda,Cerrone
Suzanne,Cirillo
Tess,Foshee
Kennith,Rencher
Yadira,Goldstein
Jacob,Gallup
Liana,Blystone
Piper,Fisher
Mafalda,Noffsinger
Lashay,Dirks
Melany,Alfaro
Dawna,Jantz
Katharine,Hilaire
Tamisha,Belgrave
Jarvis,Vogl
Mayra,Englert
Alane,Folger
Audrie,Villanveva
Eliana,Dunavant
Yong,Thoreson
Kia,Veasey
Renetta,Marra
August,Ang
Ward,Bibler
Sarina,Blumenfeld
Xiao,Febres
Lura,Mayr
Zulema,Haldeman
Arminda,Rennick
Corrin,Rhode
Antoine,Penner
Danille,Hinshaw
Johnette,Hargrave
Jerold,Fierro
Demetra,Eoff
Charleen,Bramble
Mario,Tondreau
Randi,Clemens
Maryam,Lasher
Sadye,Gayman
Dorla,Overlock
Leontine,Takemoto
Lyman,Flournoy
Ladawn,Cotton
Ethelene,Mcmullin
Peter,Sabia
Queenie,Bolin
Chun,Woodall
Pamelia,Manley
Margarett,Sellman
Kati,Fenn
Bong,Grogg
Michel,Wiechmann
Tobias,Threadgill
Inell,Rients
Tyisha,Micheals
Madeleine,Lucey
Delphine,Overmyer
Marianela,Shipley
Treasa,Blumer
Suanne,Hannold
Joey,Fickel
Jimmie,Augustus
Emmie,Baccus
Lenora,Moyer
Lashell,Windle
Tim,Faust
Verdie,Vanwinkle
Ulysses,Casteel
Sherie,Haner
Christena,Estep
Mercedez,Eastland
Bertie,Filip
Dorris,Drennen
Sibyl,Budniewski
Juanita,Visser
Loraine,Dilorenzo
Sharie,Mcveigh
Etta,Fauver
Mia,Rorie
Cassi,Stotler
Waldo,Predmore
Gwenda,Daigneault
Emil,Rogowski
Yulanda,Westberry
Chin,Trenholm
Robert,Keith
Jesus,Goble
Lyla,Saulters
Rocio,Salcido
Sol,Delapaz
Cherryl,Brenneman
Mickey,Jeff
Doris,Clegg
Laureen,Heesch
Melynda,Carraway
Vaughn,Reddin
Meghann,Kottke
Christine,Hower
Verna,Ketner
Chance,Durgan
Mammie,Miura
Gennie,Pugsley
Freddy,Carabello
Elvie,Alfieri
Leona,Doten
Alejandra,Homeyer
Patrice,Hammers
Lucretia,Folkerts
Lu,Wedgeworth
Delma,Citizen
Emeline,Sellman
Chaya,Loredo
Aurelia,Hartin
Anibal,Thao
Josiah,Spurgeon
Ginny,Halsted
Fredia,Witherington
Vincenza,Saito
Daryl,Sudduth
Shae,Bensinger
Woodrow,Stavros
Leonel,Dumlao
Wilhelmina,Almond
Annamarie,Blakeslee
Deloise,Skillman
Howard,Bennett
Genia,Kimbell
Gregory,Gannaway
Izetta,Delp
Malissa,Font
Susann,Murphy
Adaline,Rocker
Delphine,Metzger
Shad,Lampe
Rubin,Cicero
Dorian,Maya
Natalia,Sudderth
Willia,Janda
Susan,Lawhorn
Weston,Mcnary
Harlan,Fells
Ellena,Mccright
Tonda,Sherman
Cordelia,Niday
Vanda,Clutts
Earnestine,Heimann
Nigel,Makin
Keisha,Phipps
Staci,Champion
Rolanda,Cerrone
Suzanne,Cirillo
Tess,Foshee
Kennith,Rencher
Yadira,Goldstein
Jacob,Gallup
Liana,Blystone
Piper,Fisher
Mafalda,Noffsinger
Lashay,Dirks
Melany,Alfaro
Dawna,Jantz
Katharine,Hilaire
Tamisha,Belgrave
Jarvis,Vogl
Mayra,Englert
Alane,Folger
Audrie,Villanveva
Eliana,Dunavant
Yong,Thoreson
Kia,Veasey
Renetta,Marra
August,Ang
Ward,Bibler
Sarina,Blumenfeld
Xiao,Febres
Lura,Mayr
Zulema,Haldeman
Arminda,Rennick
Corrin,Rhode
Antoine,Penner
Danille,Hinshaw
Johnette,Hargrave
Jerold,Fierro
Demetra,Eoff
Charleen,Bramble
Mario,Tondreau
Randi,Clemens
Maryam,Lasher
Sadye,Gayman
Dorla,Overlock
Leontine,Takemoto
Lyman,Flournoy
Ladawn,Cotton
Ethelene,Mcmullin
Peter,Sabia
Queenie,Bolin
Chun,Woodall
Pamelia,Manley
Margarett,Sellman
Kati,Fenn
Bong,Grogg
Michel,Wiechmann
Tobias,Threadgill
Inell,Rients
Tyisha,Micheals
Madeleine,Lucey
Delphine,Overmyer
Marianela,Shipley
Treasa,Blumer
Suanne,Hannold
Joey,Fickel
Jimmie,Augustus
Emmie,Baccus
Lenora,Moyer
Lashell,Windle
Tim,Faust
Verdie,Vanwinkle
Ulysses,Casteel
Sherie,Haner
Christena,Estep
Mercedez,Eastland
Bertie,Filip
Dorris,Drennen
Sibyl,Budniewski
Juanita,Visser
Loraine,Dilorenzo
Sharie,Mcveigh
Etta,Fauver
Mia,Rorie
Cassi,Stotler
Waldo,Predmore
Gwenda,Daigneault
Emil,Rogowski
Yulanda,Westberry
Chin,Trenholm
Robert,Keith
Jesus,Goble
Lyla,Saulters
Rocio,Salcido
Sol,Delapaz
Cherryl,Brenneman
Mickey,Jeff
Doris,Clegg
Laureen,Heesch
Melynda,Carraway
Vaughn,Reddin
Meghann,Kottke
Christine,Hower
Verna,Ketner
Chance,Durgan
Mammie,Miura
Gennie,Pugsley
Freddy,Carabello
Elvie,Alfieri
Leona,Doten
Alejandra,Homeyer
Patrice,Hammers
Lucretia,Folkerts
Lu,Wedgeworth
Delma,Citizen
Emeline,Sellman
Chaya,Loredo
Aurelia,Hartin
Anibal,Thao
Josiah,Spurgeon
Ginny,Halsted
Fredia,Witherington
Vincenza,Saito
Daryl,Sudduth
Shae,Bensinger
Woodrow,Stavros
Leonel,Dumlao
Wilhelmina,Almond
Annamarie,Blakeslee
Deloise,Skillman
Howard,Bennett
Genia,Kimbell
Gregory,Gannaway
Izetta,Delp
Malissa,Font
Susann,Murphy
Adaline,Rocker
Delphine,Metzger
Shad,Lampe
Rubin,Cicero
Dorian,Maya
Natalia,Sudderth
Willia,Janda
Susan,Lawhorn
Weston,Mcnary
Harlan,Fells
Ellena,Mccright
Tonda,Sherman
Cordelia,Niday
Vanda,Clutts
Earnestine,Heimann
Nigel,Makin
Keisha,Phipps
Staci,Champion
Rolanda,Cerrone
Suzanne,Cirillo
Tess,Foshee
Kennith,Rencher
Yadira,Goldstein
Jacob,Gallup
Liana,Blystone
Piper,Fisher
Mafalda,Noffsinger
Lashay,Dirks
Melany,Alfaro
Dawna,Jantz
Katharine,Hilaire
Tamisha,Belgrave
Jarvis,Vogl
Mayra,Englert
Alane,Folger
Audrie,Villanveva
Eliana,Dunavant
Yong,Thoreson
Kia,Veasey
Renetta,Marra
August,Ang
Ward,Bibler
Sarina,Blumenfeld
Xiao,Febres
Lura,Mayr
Zulema,Haldeman
Arminda,Rennick
Corrin,Rhode
Antoine,Penner
Danille,Hinshaw
Johnette,Hargrave
Jerold,Fierro
Demetra,Eoff
Charleen,Bramble
Mario,Tondreau
Randi,Clemens
Maryam,Lasher
Sadye,Gayman
Dorla,Overlock
Leontine,Takemoto
Lyman,Flournoy
Ladawn,Cotton
Ethelene,Mcmullin
Peter,Sabia
Queenie,Bolin
Chun,Woodall
Pamelia,Manley
Margarett,Sellman
Kati,Fenn
Bong,Grogg
Michel,Wiechmann
Tobias,Threadgill
Inell,Rients
Tyisha,Micheals
Madeleine,Lucey
Delphine,Overmyer
Marianela,Shipley
Treasa,Blumer
Suanne,Hannold
Joey,Fickel
Jimmie,Augustus
Emmie,Baccus
Lenora,Moyer
Lashell,Windle
Tim,Faust
Verdie,Vanwinkle
Ulysses,Casteel
Sherie,Haner
Christena,Estep
Mercedez,Eastland
Bertie,Filip
Dorris,Drennen
Sibyl,Budniewski
Juanita,Visser
Loraine,Dilorenzo
Sharie,Mcveigh
Etta,Fauver
Mia,Rorie
Cassi,Stotler
Waldo,Predmore
Gwenda,Daigneault
Emil,Rogowski
Yulanda,Westberry
Chin,Trenholm
Robert,Keith
Jesus,Goble
Lyla,Saulters
Rocio,Salcido
Sol,Delapaz
Cherryl,Brenneman
Mickey,Jeff
Doris,Clegg
Laureen,Heesch
Melynda,Carraway
Vaughn,Reddin
Meghann,Kottke
Christine,Hower
Verna,Ketner
Chance,Durgan
Mammie,Miura
Gennie,Pugsley
Freddy,Carabello
Elvie,Alfieri
Leona,Doten
Alejandra,Homeyer
Patrice,Hammers
Lucretia,Folkerts
Lu,Wedgeworth
Delma,Citizen
Emeline,Sellman
Chaya,Loredo
Aurelia,Hartin
Anibal,Thao
Josiah,Spurgeon
Ginny,Halsted
Fredia,Witherington
Vincenza,Saito
Daryl,Sudduth
Shae,Bensinger
Woodrow,Stavros
Leonel,Dumlao
Wilhelmina,Almond
Annamarie,Blakeslee
Deloise,Skillman
Howard,Bennett
Genia,Kimbell
Gregory,Gannaway
Izetta,Delp
Malissa,Font
Susann,Murphy
Adaline,Rocker
Delphine,Metzger
Shad,Lampe
Rubin,Cicero
Dorian,Maya
Natalia,Sudderth
Willia,Janda
Susan,Lawhorn
Weston,Mcnary
Harlan,Fells
Ellena,Mccright
Tonda,Sherman
Cordelia,Niday
Vanda,Clutts
Earnestine,Heimann
Nigel,Makin
Keisha,Phipps
Staci,Champion
Rolanda,Cerrone
Suzanne,Cirillo
Tess,Foshee
Kennith,Rencher
Yadira,Goldstein
Jacob,Gallup
Liana,Blystone
Piper,Fisher
Mafalda,Noffsinger
Lashay,Dirks
Melany,Alfaro
Dawna,Jantz
Katharine,Hilaire
Tamisha,Belgrave
Jarvis,Vogl
Mayra,Englert
Alane,Folger
Audrie,Villanveva
Eliana,Dunavant
Yong,Thoreson
Kia,Veasey
Renetta,Marra
August,Ang
Ward,Bibler
Sarina,Blumenfeld
Xiao,Febres
Lura,Mayr
Zulema,Haldeman
Arminda,Rennick
Corrin,Rhode
Antoine,Penner
Danille,Hinshaw
Johnette,Hargrave
Jerold,Fierro
Demetra,Eoff
Charleen,Bramble
Mario,Tondreau
Randi,Clemens
Maryam,Lasher
Sadye,Gayman
Dorla,Overlock
Leontine,Takemoto
Lyman,Flournoy
Ladawn,Cotton
Ethelene,Mcmullin
Peter,Sabia
Queenie,Bolin
Chun,Woodall
Pamelia,Manley
Margarett,Sellman
Kati,Fenn
Bong,Grogg
Michel,Wiechmann
Tobias,Threadgill
Inell,Rients
Tyisha,Micheals
Madeleine,Lucey
Delphine,Overmyer
Marianela,Shipley
Treasa,Blumer
Suanne,Hannold
Joey,Fickel
Jimmie,Augustus
Emmie,Baccus
Lenora,Moyer
Lashell,Windle
Tim,Faust
Verdie,Vanwinkle
Ulysses,Casteel
Sherie,Haner
Christena,Estep
Mercedez,Eastland
Bertie,Filip
Dorris,Drennen
Sibyl,Budniewski
Juanita,Visser
Loraine,Dilorenzo
Sharie,Mcveigh
Etta,Fauver
Mia,Rorie
Cassi,Stotler
Waldo,Predmore
Gwenda,Daigneault
Emil,Rogowski
Yulanda,Westberry
Chin,Trenholm
Robert,Keith
Jesus,Goble
Lyla,Saulters
Rocio,Salcido
Sol,Delapaz
Cherryl,Brenneman
Mickey,Jeff
Doris,Clegg
Laureen,Heesch
Melynda,Carraway
Vaughn,Reddin
Meghann,Kottke
Christine,Hower
Verna,Ketner
Chance,Durgan
Mammie,Miura
Gennie,Pugsley
Freddy,Carabello
Elvie,Alfieri
Leona,Doten
Alejandra,Homeyer
Patrice,Hammers
Lucretia,Folkerts
Lu,Wedgeworth
Delma,Citizen
Emeline,Sellman
Chaya,Loredo
Aurelia,Hartin
Anibal,Thao
Josiah,Spurgeon
Ginny,Halsted
Fredia,Witherington
Vincenza,Saito
Daryl,Sudduth
Shae,Bensinger
Woodrow,Stavros
Leonel,Dumlao
Wilhelmina,Almond
Annamarie,Blakeslee
Deloise,Skillman
Howard,Bennett
Genia,Kimbell
Gregory,Gannaway
Izetta,Delp
Malissa,Font
Susann,Murphy
Adaline,Rocker
Delphine,Metzger
Shad,Lampe
Rubin,Cicero
Dorian,Maya
Natalia,Sudderth
Willia,Janda
Susan,Lawhorn
Weston,Mcnary
Harlan,Fells
Ellena,Mccright
Tonda,Sherman
Cordelia,Niday
Vanda,Clutts
Earnestine,Heimann
Nigel,Makin
Keisha,Phipps
Staci,Champion
Rolanda,Cerrone
Suzanne,Cirillo
Tess,Foshee
Kennith,Rencher
Yadira,Goldstein
Jacob,Gallup
Liana,Blystone
Piper,Fisher
Mafalda,Noffsinger
Lashay,Dirks
Melany,Alfaro
Dawna,Jantz
Katharine,Hilaire
Tamisha,Belgrave
Jarvis,Vogl
Mayra,Englert
Alane,Folger
Audrie,Villanveva
Eliana,Dunavant
Yong,Thoreson
Kia,Veasey
Renetta,Marra
August,Ang
Ward,Bibler
Sarina,Blumenfeld
Xiao,Febres
Lura,Mayr
Zulema,Haldeman
Arminda,Rennick
Corrin,Rhode
Antoine,Penner
Danille,Hinshaw
Johnette,Hargrave
Jerold,Fierro
Demetra,Eoff
Charleen,Bramble
Mario,Tondreau
Randi,Clemens
Maryam,Lasher
Sadye,Gayman
Dorla,Overlock
Leontine,Takemoto
Lyman,Flournoy
Ladawn,Cotton
Ethelene,Mcmullin
Peter,Sabia
Queenie,Bolin
Chun,Woodall
Pamelia,Manley
Margarett,Sellman
Kati,Fenn
Bong,Grogg
Michel,Wiechmann
Tobias,Threadgill
Inell,Rients
Tyisha,Micheals
Madeleine,Lucey
Delphine,Overmyer
Marianela,Shipley
Treasa,Blumer
Suanne,Hannold
Joey,Fickel
Jimmie,Augustus
Emmie,Baccus
Lenora,Moyer
Lashell,Windle
Tim,Faust
Verdie,Vanwinkle
Ulysses,Casteel
Sherie,Haner
Christena,Estep
Mercedez,Eastland
Bertie,Filip
Dorris,Drennen
Sibyl,Budniewski
Juanita,Visser
Loraine,Dilorenzo
Sharie,Mcveigh
Etta,Fauver
Mia,Rorie
Cassi,Stotler
Waldo,Predmore
Gwenda,Daigneault
Emil,Rogowski
Yulanda,Westberry
Chin,Trenholm
Robert,Keith
Jesus,Goble
Lyla,Saulters
Rocio,Salcido
Sol,Delapaz
Cherryl,Brenneman
Mickey,Jeff
Doris,Clegg
Laureen,Heesch
Melynda,Carraway
Vaughn,Reddin
Meghann,Kottke
Christine,Hower
Verna,Ketner
Chance,Durgan
Mammie,Miura
Gennie,Pugsley
Freddy,Carabello
Elvie,Alfieri
Leona,Doten
Alejandra,Homeyer
Patrice,Hammers
Lucretia,Folkerts
Lu,Wedgeworth
Delma,Citizen
Emeline,Sellman
Chaya,Loredo
Aurelia,Hartin
Anibal,Thao
Josiah,Spurgeon
Ginny,Halsted
Fredia,Witherington
Vincenza,Saito
Daryl,Sudduth
Shae,Bensinger
Woodrow,Stavros
Leonel,Dumlao
Wilhelmina,Almond
Annamarie,Blakeslee
Deloise,Skillman
Howard,Bennett
Genia,Kimbell
Gregory,Gannaway
Izetta,Delp
Malissa,Font
Susann,Murphy
Adaline,Rocker
Delphine,Metzger
Shad,Lampe
Rubin,Cicero
Dorian,Maya
Natalia,Sudderth
Willia,Janda
Susan,Lawhorn
Weston,Mcnary
Harlan,Fells
Ellena,Mccright
Tonda,Sherman
Cordelia,Niday
Vanda,Clutts
Earnestine,Heimann
Nigel,Makin
Keisha,Phipps
Staci,Champion
Rolanda,Cerrone
Suzanne,Cirillo
Tess,Foshee
Kennith,Rencher
Yadira,Goldstein
Jacob,Gallup
Liana,Blystone
Piper,Fisher
Mafalda,Noffsinger
Lashay,Dirks
Melany,Alfaro
Dawna,Jantz
Katharine,Hilaire
Tamisha,Belgrave
Jarvis,Vogl
Mayra,Englert
Alane,Folger
Audrie,Villanveva
Eliana,Dunavant
Yong,Thoreson
Kia,Veasey
Renetta,Marra
August,Ang
Ward,Bibler
Sarina,Blumenfeld
Xiao,Febres
Lura,Mayr
Zulema,Haldeman
Arminda,Rennick
Corrin,Rhode
Antoine,Penner
Danille,Hinshaw
Johnette,Hargrave
Jerold,Fierro
Demetra,Eoff
Charleen,Bramble
Mario,Tondreau
Randi,Clemens
Maryam,Lasher
Sadye,Gayman
Dorla,Overlock
Leontine,Takemoto
Lyman,Flournoy
Ladawn,Cotton
Ethelene,Mcmullin
Peter,Sabia
Queenie,Bolin
Chun,Woodall
Pamelia,Manley
Margarett,Sellman
Kati,Fenn
Bong,Grogg
Michel,Wiechmann
Tobias,Threadgill
Inell,Rients
Tyisha,Micheals
Madeleine,Lucey
Delphine,Overmyer
Marianela,Shipley
Treasa,Blumer
Suanne,Hannold
Joey,Fickel
Jimmie,Augustus
Emmie,Baccus
Lenora,Moyer
Lashell,Windle
Tim,Faust
Verdie,Vanwinkle
Ulysses,Casteel
Sherie,Haner
Christena,Estep
Mercedez,Eastland
Bertie,Filip
Dorris,Drennen
Sibyl,Budniewski
Juanita,Visser
Loraine,Dilorenzo
Sharie,Mcveigh
Etta,Fauver
Mia,Rorie
Cassi,Stotler
Waldo,Predmore
Gwenda,Daigneault
Emil,Rogowski
Yulanda,Westberry
Chin,Trenholm
Robert,Keith
Jesus,Goble
Lyla,Saulters
Rocio,Salcido
Sol,Delapaz
Cherryl,Brenneman
Mickey,Jeff
Doris,Clegg
Laureen,Heesch
Melynda,Carraway
Vaughn,Reddin
Meghann,Kottke
Christine,Hower
Verna,Ketner
Chance,Durgan
Mammie,Miura
Gennie,Pugsley
Freddy,Carabello
Elvie,Alfieri
Leona,Doten
Alejandra,Homeyer
Patrice,Hammers
Lucretia,Folkerts
Lu,Wedgeworth
Delma,Citizen
Emeline,Sellman
Chaya,Loredo
Aurelia,Hartin
Anibal,Thao
Josiah,Spurgeon
Ginny,Halsted
Fredia,Witherington
Vincenza,Saito
Daryl,Sudduth
Shae,Bensinger
Woodrow,Stavros
Leonel,Dumlao
Wilhelmina,Almond
Annamarie,Blakeslee
Deloise,Skillman
Howard,Bennett
Genia,Kimbell
Gregory,Gannaway
Izetta,Delp
Malissa,Font
Susann,Murphy
Adaline,Rocker
Delphine,Metzger
Shad,Lampe
Rubin,Cicero
Dorian,Maya
Natalia,Sudderth
Willia,Janda
Susan,Lawhorn
Weston,Mcnary
Harlan,Fells
Ellena,Mccright
Tonda,Sherman
Cordelia,Niday
Vanda,Clutts
Earnestine,Heimann
Nigel,Makin
Keisha,Phipps
Staci,Champion
Rolanda,Cerrone
Suzanne,Cirillo
Tess,Foshee
Kennith,Rencher
Yadira,Goldstein
Jacob,Gallup
Liana,Blystone
Piper,Fisher
Mafalda,Noffsinger
Lashay,Dirks
Melany,Alfaro
Dawna,Jantz
Katharine,Hilaire
Tamisha,Belgrave
Jarvis,Vogl
Mayra,Englert
Alane,Folger
Audrie,Villanveva
Eliana,Dunavant
Yong,Thoreson
Kia,Veasey
Renetta,Marra
August,Ang
Ward,Bibler
Sarina,Blumenfeld
Xiao,Febres
Lura,Mayr
Zulema,Haldeman
Arminda,Rennick
Corrin,Rhode
Antoine,Penner
Danille,Hinshaw
Johnette,Hargrave
Jerold,Fierro
Demetra,Eoff
Charleen,Bramble
Mario,Tondreau
Randi,Clemens
Maryam,Lasher
Sadye,Gayman
Dorla,Overlock
Leontine,Takemoto
Lyman,Flournoy
Ladawn,Cotton
Ethelene,Mcmullin
Peter,Sabia
Queenie,Bolin
Chun,Woodall
Pamelia,Manley
Margarett,Sellman
Kati,Fenn
Bong,Grogg
Michel,Wiechmann
Tobias,Threadgill
Inell,Rients
Tyisha,Micheals
Madeleine,Lucey
Delphine,Overmyer
Marianela,Shipley
Treasa,Blumer
Suanne,Hannold
Joey,Fickel
Jimmie,Augustus
Emmie,Baccus
Lenora,Moyer
Lashell,Windle
Tim,Faust
Verdie,Vanwinkle
Ulysses,Casteel
Sherie,Haner
Christena,Estep
Mercedez,Eastland
Bertie,Filip
Dorris,Drennen
Sibyl,Budniewski
Juanita,Visser
Loraine,Dilorenzo
Sharie,Mcveigh
Etta,Fauver
Mia,Rorie
Cassi,Stotler
Waldo,Predmore
Gwenda,Daigneault
Emil,Rogowski
Yulanda,Westberry
Chin,Trenholm
Robert,Keith
Jesus,Goble
Lyla,Saulters
Rocio,Salcido
Sol,Delapaz
Cherryl,Brenneman
Mickey,Jeff
Doris,Clegg
Laureen,Heesch
Melynda,Carraway
Vaughn,Reddin
Meghann,Kottke
Christine,Hower
Verna,Ketner
Chance,Durgan
Mammie,Miura
Gennie,Pugsley
Freddy,Carabello
Elvie,Alfieri
Leona,Doten
Alejandra,Homeyer
Patrice,Hammers
Lucretia,Folkerts
Lu,Wedgeworth
Delma,Citizen
Emeline,Sellman
Chaya,Loredo
Aurelia,Hartin
Anibal,Thao
Josiah,Spurgeon
Ginny,Halsted
Fredia,Witherington
Vincenza,Saito
Daryl,Sudduth
Shae,Bensinger
Woodrow,Stavros
Leonel,Dumlao
Wilhelmina,Almond
Annamarie,Blakeslee
Deloise,Skillman
Howard,Bennett
Genia,Kimbell
Gregory,Gannaway
Izetta,Delp
Malissa,Font
Susann,Murphy
Adaline,Rocker
Delphine,Metzger
Shad,Lampe
Rubin,Cicero
Dorian,Maya
Natalia,Sudderth
Willia,Janda
Susan,Lawhorn
Weston,Mcnary
Harlan,Fells
Ellena,Mccright
Tonda,Sherman
Cordelia,Niday
Vanda,Clutts
Earnestine,Heimann
Nigel,Makin
Keisha,Phipps
Staci,Champion
Rolanda,Cerrone
Suzanne,Cirillo
Tess,Foshee
Kennith,Rencher
Yadira,Goldstein
Jacob,Gallup
Liana,Blystone
Piper,Fisher
Mafalda,Noffsinger
Lashay,Dirks
Melany,Alfaro
Dawna,Jantz
Katharine,Hilaire
Tamisha,Belgrave
Jarvis,Vogl
Mayra,Englert
Alane,Folger
Audrie,Villanveva
Eliana,Dunavant
Yong,Thoreson
Kia,Veasey
Renetta,Marra
August,Ang
Ward,Bibler
Sarina,Blumenfeld
Xiao,Febres
Lura,Mayr
Zulema,Haldeman
Arminda,Rennick
Corrin,Rhode
Antoine,Penner
Danille,Hinshaw
Johnette,Hargrave
Jerold,Fierro
Demetra,Eoff
Charleen,Bramble
Mario,Tondreau
Randi,Clemens
Maryam,Lasher
Sadye,Gayman
Dorla,Overlock
Leontine,Takemoto
Lyman,Flournoy
Ladawn,Cotton
Ethelene,Mcmullin
Peter,Sabia
Queenie,Bolin
Chun,Woodall
Pamelia,Manley
Margarett,Sellman
Kati,Fenn
Bong,Grogg
Michel,Wiechmann
Tobias,Threadgill
Inell,Rients
Tyisha,Micheals
Madeleine,Lucey
Delphine,Overmyer
Marianela,Shipley
Treasa,Blumer
Suanne,Hannold
Joey,Fickel
Jimmie,Augustus
Emmie,Baccus
Lenora,Moyer
Lashell,Windle
Tim,Faust
Verdie,Vanwinkle
Ulysses,Casteel
Sherie,Haner
Christena,Estep
Mercedez,Eastland
Bertie,Filip
Dorris,Drennen
Sibyl,Budniewski
Juanita,Visser
Loraine,Dilorenzo
Sharie,Mcveigh
Etta,Fauver
Mia,Rorie
Cassi,Stotler
Waldo,Predmore
Gwenda,Daigneault
Emil,Rogowski
Yulanda,Westberry
Chin,Trenholm
Robert,Keith
Jesus,Goble
Lyla,Saulters
Rocio,Salcido
Sol,Delapaz
Cherryl,Brenneman
Mickey,Jeff
Doris,Clegg
Laureen,Heesch
Melynda,Carraway
Vaughn,Reddin
Meghann,Kottke
Christine,Hower
Verna,Ketner
Chance,Durgan
Mammie,Miura
Gennie,Pugsley
Freddy,Carabello
Elvie,Alfieri
Leona,Doten
Alejandra,Homeyer
Patrice,Hammers
Lucretia,Folkerts
Lu,Wedgeworth
Delma,Citizen
Emeline,Sellman
Chaya,Loredo
Aurelia,Hartin
Anibal,Thao
Josiah,Spurgeon
Ginny,Halsted
Fredia,Witherington
Vincenza,Saito
Daryl,Sudduth
Shae,Bensinger
Woodrow,Stavros
Leonel,Dumlao
Wilhelmina,Almond
Annamarie,Blakeslee
Deloise,Skillman
Howard,Bennett
Genia,Kimbell
Gregory,Gannaway
Izetta,Delp
Malissa,Font
Susann,Murphy
Adaline,Rocker
Delphine,Metzger
Shad,Lampe
Rubin,Cicero
Dorian,Maya
Natalia,Sudderth
Willia,Janda
Susan,Lawhorn
Weston,Mcnary
Harlan,Fells
Ellena,Mccright
Tonda,Sherman
Cordelia,Niday
Vanda,Clutts
Earnestine,Heimann
Nigel,Makin
Keisha,Phipps
Staci,Champion
Rolanda,Cerrone
Suzanne,Cirillo
Tess,Foshee
Kennith,Rencher
Yadira,Goldstein
Jacob,Gallup
Liana,Blystone
Piper,Fisher
Mafalda,Noffsinger
Lashay,Dirks
Melany,Alfaro
Dawna,Jantz
Katharine,Hilaire
Tamisha,Belgrave
Jarvis,Vogl
Mayra,Englert
Alane,Folger
Audrie,Villanveva
Eliana,Dunavant
Yong,Thoreson
Kia,Veasey
Renetta,Marra
August,Ang
Ward,Bibler
Sarina,Blumenfeld
Xiao,Febres
Lura,Mayr
Zulema,Haldeman
Arminda,Rennick
Corrin,Rhode
Antoine,Penner
Danille,Hinshaw
Johnette,Hargrave
Jerold,Fierro
Demetra,Eoff
Charleen,Bramble
Mario,Tondreau
Randi,Clemens
Maryam,Lasher
Sadye,Gayman
Dorla,Overlock
Leontine,Takemoto
Lyman,Flournoy
Ladawn,Cotton
Ethelene,Mcmullin
Peter,Sabia
Queenie,Bolin
Chun,Woodall
Pamelia,Manley
Margarett,Sellman
Kati,Fenn
Bong,Grogg
Michel,Wiechmann
Tobias,Threadgill
Inell,Rients
Tyisha,Micheals
Madeleine,Lucey
Delphine,Overmyer
Marianela,Shipley
Treasa,Blumer
Suanne,Hannold
Joey,Fickel
Jimmie,Augustus
Emmie,Baccus
Lenora,Moyer
Lashell,Windle
Tim,Faust
Verdie,Vanwinkle
Ulysses,Casteel
Sherie,Haner
Christena,Estep
Mercedez,Eastland
Bertie,Filip
Dorris,Drennen
Sibyl,Budniewski
Juanita,Visser
Loraine,Dilorenzo
Sharie,Mcveigh
Etta,Fauver
Mia,Rorie
Cassi,Stotler
Waldo,Predmore
Gwenda,Daigneault
Emil,Rogowski
Yulanda,Westberry
Chin,Trenholm
Robert,Keith
Jesus,Goble
Lyla,Saulters
Rocio,Salcido
Sol,Delapaz
Cherryl,Brenneman
Mickey,Jeff
Doris,Clegg
Laureen,Heesch
Melynda,Carraway
Vaughn,Reddin
Meghann,Kottke
Christine,Hower
Verna,Ketner
Chance,Durgan
Mammie,Miura
Gennie,Pugsley
Freddy,Carabello
Elvie,Alfieri
Leona,Doten
Alejandra,Homeyer
Patrice,Hammers
Lucretia,Folkerts
Lu,Wedgeworth
Delma,Citizen
Emeline,Sellman
Chaya,Loredo
Aurelia,Hartin
Anibal,Thao
Josiah,Spurgeon
Ginny,Halsted
Fredia,Witherington
Vincenza,Saito
Daryl,Sudduth
Shae,Bensinger
Woodrow,Stavros
Leonel,Dumlao
Wilhelmina,Almond
Annamarie,Blakeslee
Deloise,Skillman
Howard,Bennett
Genia,Kimbell
Gregory,Gannaway
Izetta,Delp
Malissa,Font
Susann,Murphy
Adaline,Rocker
Delphine,Metzger
Shad,Lampe
Rubin,Cicero
Dorian,Maya
Natalia,Sudderth
Willia,Janda
Susan,Lawhorn
Weston,Mcnary
Harlan,Fells
Ellena,Mccright
Tonda,Sherman
Cordelia,Niday
Vanda,Clutts
Earnestine,Heimann
Nigel,Makin
Keisha,Phipps
Staci,Champion
Rolanda,Cerrone
Suzanne,Cirillo
Tess,Foshee
Kennith,Rencher
Yadira,Goldstein
Jacob,Gallup
Liana,Blystone
Piper,Fisher
Mafalda,Noffsinger
Lashay,Dirks
Melany,Alfaro
Dawna,Jantz
Katharine,Hilaire
Tamisha,Belgrave
Jarvis,Vogl
Mayra,Englert
Alane,Folger
Audrie,Villanveva
Eliana,Dunavant
Yong,Thoreson
Kia,Veasey
Renetta,Marra
August,Ang
Ward,Bibler
Sarina,Blumenfeld
Xiao,Febres
Lura,Mayr
Zulema,Haldeman
Arminda,Rennick
Corrin,Rhode
Antoine,Penner
Danille,Hinshaw
Johnette,Hargrave
Jerold,Fierro
Demetra,Eoff
Charleen,Bramble
Mario,Tondreau
Randi,Clemens
Maryam,Lasher
Sadye,Gayman
Dorla,Overlock
Leontine,Takemoto
Lyman,Flournoy
Ladawn,Cotton
Ethelene,Mcmullin
Peter,Sabia
Queenie,Bolin
Chun,Woodall
Pamelia,Manley
Margarett,Sellman
Kati,Fenn
Bong,Grogg
Michel,Wiechmann
Tobias,Threadgill
Inell,Rients
Tyisha,Micheals
Madeleine,Lucey
Delphine,Overmyer
Marianela,Shipley
Treasa,Blumer
Suanne,Hannold
Joey,Fickel
Jimmie,Augustus
Emmie,Baccus
Lenora,Moyer
Lashell,Windle
Tim,Faust
Verdie,Vanwinkle
Ulysses,Casteel
Sherie,Haner
Christena,Estep
Mercedez,Eastland
Bertie,Filip
Dorris,Drennen
Sibyl,Budniewski
Juanita,Visser
Loraine,Dilorenzo
Sharie,Mcveigh
Etta,Fauver
Mia,Rorie
Cassi,Stotler
Waldo,Predmore
Gwenda,Daigneault
Emil,Rogowski
Yulanda,Westberry
Chin,Trenholm
Robert,Keith
Jesus,Goble
Lyla,Saulters
Rocio,Salcido
Sol,Delapaz
Cherryl,Brenneman
Mickey,Jeff
Doris,Clegg
Laureen,Heesch
Melynda,Carraway
Vaughn,Reddin
Meghann,Kottke
Christine,Hower
Verna,Ketner
Chance,Durgan
Mammie,Miura
Gennie,Pugsley
Freddy,Carabello
Elvie,Alfieri
Leona,Doten
Alejandra,Homeyer
Patrice,Hammers
Lucretia,Folkerts
Lu,Wedgeworth
Delma,Citizen
Emeline,Sellman
Chaya,Loredo
Aurelia,Hartin
Anibal,Thao
Josiah,Spurgeon
Ginny,Halsted
Fredia,Witherington
Vincenza,Saito
Daryl,Sudduth
Shae,Bensinger
Woodrow,Stavros
Leonel,Dumlao
Wilhelmina,Almond
Annamarie,Blakeslee
Deloise,Skillman
Howard,Bennett
Genia,Kimbell
Gregory,Gannaway
Izetta,Delp
Malissa,Font
Susann,Murphy
Adaline,Rocker
Delphine,Metzger
Shad,Lampe
Rubin,Cicero
Dorian,Maya
Natalia,Sudderth
Willia,Janda
Susan,Lawhorn
Weston,Mcnary
Harlan,Fells
Ellena,Mccright
Tonda,Sherman
Cordelia,Niday
Vanda,Clutts
Earnestine,Heimann
Nigel,Makin
Keisha,Phipps
Staci,Champion
Rolanda,Cerrone
Suzanne,Cirillo
Tess,Foshee
Kennith,Rencher
Yadira,Goldstein
Jacob,Gallup
Liana,Blystone
Piper,Fisher
Mafalda,Noffsinger
Lashay,Dirks
Melany,Alfaro
Dawna,Jantz
Katharine,Hilaire
Tamisha,Belgrave
Jarvis,Vogl
Mayra,Englert
Alane,Folger
Audrie,Villanveva
Eliana,Dunavant
Yong,Thoreson
Kia,Veasey
Renetta,Marra
August,Ang
Ward,Bibler
Sarina,Blumenfeld
Xiao,Febres
Lura,Mayr
Zulema,Haldeman
Arminda,Rennick
Corrin,Rhode
Antoine,Penner
Danille,Hinshaw
Johnette,Hargrave
Jerold,Fierro
Demetra,Eoff
Charleen,Bramble
Mario,Tondreau
Randi,Clemens
Maryam,Lasher
Sadye,Gayman
Dorla,Overlock
Leontine,Takemoto
Lyman,Flournoy
Ladawn,Cotton
Ethelene,Mcmullin
Peter,Sabia
Queenie,Bolin
Chun,Woodall
Pamelia,Manley
Margarett,Sellman
Kati,Fenn
Bong,Grogg
Michel,Wiechmann
Tobias,Threadgill
Inell,Rients
Tyisha,Micheals
Madeleine,Lucey
Delphine,Overmyer
Marianela,Shipley
Treasa,Blumer
Suanne,Hannold
Joey,Fickel
Jimmie,Augustus
Emmie,Baccus
Lenora,Moyer
Lashell,Windle
Tim,Faust
Verdie,Vanwinkle
Ulysses,Casteel
Sherie,Haner
Christena,Estep
Mercedez,Eastland
Bertie,Filip
Dorris,Drennen
Sibyl,Budniewski
Juanita,Visser
Loraine,Dilorenzo
Sharie,Mcveigh
Etta,Fauver
Mia,Rorie
Cassi,Stotler
Waldo,Predmore
Gwenda,Daigneault
Emil,Rogowski
Yulanda,Westberry
Chin,Trenholm
Robert,Keith
Jesus,Goble
Lyla,Saulters
Rocio,Salcido
Sol,Delapaz
Cherryl,Brenneman
Mickey,Jeff
Doris,Clegg
Laureen,Heesch
Melynda,Carraway
Vaughn,Reddin
Meghann,Kottke
Christine,Hower
Verna,Ketner
Chance,Durgan
Mammie,Miura
Gennie,Pugsley
Freddy,Carabello
Elvie,Alfieri
Leona,Doten
Alejandra,Homeyer
Patrice,Hammers
Lucretia,Folkerts
Lu,Wedgeworth
Delma,Citizen
Emeline,Sellman
Chaya,Loredo
Aurelia,Hartin
Anibal,Thao
Josiah,Spurgeon
Ginny,Halsted
Fredia,Witherington
Vincenza,Saito
Daryl,Sudduth
Shae,Bensinger
Woodrow,Stavros
Leonel,Dumlao
Wilhelmina,Almond
Annamarie,Blakeslee
Deloise,Skillman
Howard,Bennett
Genia,Kimbell
Gregory,Gannaway
Izetta,Delp
Malissa,Font
Susann,Murphy
Adaline,Rocker
Delphine,Metzger
Shad,Lampe
Rubin,Cicero
Dorian,Maya
Natalia,Sudderth
Willia,Janda
Susan,Lawhorn
Weston,Mcnary
Harlan,Fells
Ellena,Mccright
Tonda,Sherman
Cordelia,Niday
Vanda,Clutts
Earnestine,Heimann
Nigel,Makin
Keisha,Phipps
Staci,Champion
Rolanda,Cerrone
Suzanne,Cirillo
Tess,Foshee
Kennith,Rencher
Yadira,Goldstein
Jacob,Gallup
Liana,Blystone
Piper,Fisher
Mafalda,Noffsinger
Lashay,Dirks
Melany,Alfaro
Dawna,Jantz
Katharine,Hilaire
Tamisha,Belgrave
Jarvis,Vogl
Mayra,Englert
Alane,Folger
Audrie,Villanveva
Eliana,Dunavant
Yong,Thoreson
Kia,Veasey
Renetta,Marra
August,Ang
Ward,Bibler
Sarina,Blumenfeld
Xiao,Febres
Lura,Mayr
Zulema,Haldeman
Arminda,Rennick
Corrin,Rhode
Antoine,Penner
Danille,Hinshaw
Johnette,Hargrave
Jerold,Fierro
Demetra,Eoff
Charleen,Bramble
Mario,Tondreau
Randi,Clemens
Maryam,Lasher
Sadye,Gayman
Dorla,Overlock
Leontine,Takemoto
Lyman,Flournoy
Ladawn,Cotton
Ethelene,Mcmullin
Peter,Sabia
Queenie,Bolin
Chun,Woodall
Pamelia,Manley
Margarett,Sellman
Kati,Fenn
Bong,Grogg
Michel,Wiechmann
Tobias,Threadgill
Inell,Rients
Tyisha,Micheals
Madeleine,Lucey
Delphine,Overmyer
Marianela,Shipley
Treasa,Blumer
Suanne,Hannold
Joey,Fickel
Jimmie,Augustus
Emmie,Baccus
Lenora,Moyer
Lashell,Windle
Tim,Faust
Verdie,Vanwinkle
Ulysses,Casteel
Sherie,Haner
Christena,Estep
Mercedez,Eastland
Bertie,Filip
Dorris,Drennen
Sibyl,Budniewski
Juanita,Visser
Loraine,Dilorenzo
Sharie,Mcveigh
Etta,Fauver
Mia,Rorie
Cassi,Stotler
Waldo,Predmore
Gwenda,Daigneault
Emil,Rogowski
Yulanda,Westberry
Chin,Trenholm
Robert,Keith
Jesus,Goble
Lyla,Saulters
Rocio,Salcido
Sol,Delapaz
Cherryl,Brenneman
Mickey,Jeff
Doris,Clegg
Laureen,Heesch
Melynda,Carraway
Vaughn,Reddin
Meghann,Kottke
Christine,Hower
Verna,Ketner
Chance,Durgan
Mammie,Miura
Gennie,Pugsley
Freddy,Carabello
Elvie,Alfieri
Leona,Doten
Alejandra,Homeyer
Patrice,Hammers
Lucretia,Folkerts
Lu,Wedgeworth
Delma,Citizen
Emeline,Sellman
Chaya,Loredo
Aurelia,Hartin
Anibal,Thao
Josiah,Spurgeon
Ginny,Halsted
Fredia,Witherington
Vincenza,Saito
Daryl,Sudduth
Shae,Bensinger
Woodrow,Stavros
Leonel,Dumlao
Wilhelmina,Almond
Annamarie,Blakeslee
Deloise,Skillman
Howard,Bennett
Genia,Kimbell
Gregory,Gannaway
Izetta,Delp
Malissa,Font
Susann,Murphy
Adaline,Rocker
Delphine,Metzger
Shad,Lampe
Rubin,Cicero
Dorian,Maya
Natalia,Sudderth
Willia,Janda
Susan,Lawhorn
Weston,Mcnary
Harlan,Fells
Ellena,Mccright
Tonda,Sherman
Cordelia,Niday
Vanda,Clutts
Earnestine,Heimann
Nigel,Makin
Keisha,Phipps
Staci,Champion
Rolanda,Cerrone
Suzanne,Cirillo
Tess,Foshee
Kennith,Rencher
Yadira,Goldstein
Jacob,Gallup
Liana,Blystone
Piper,Fisher
Mafalda,Noffsinger
Lashay,Dirks
Melany,Alfaro
Dawna,Jantz
Katharine,Hilaire
Tamisha,Belgrave
Jarvis,Vogl
Mayra,Englert
Alane,Folger
Audrie,Villanveva
Eliana,Dunavant
Yong,Thoreson
Kia,Veasey
Renetta,Marra
August,Ang
Ward,Bibler
Sarina,Blumenfeld
Xiao,Febres
Lura,Mayr
Zulema,Haldeman
Arminda,Rennick
Corrin,Rhode
Antoine,Penner
Danille,Hinshaw
Johnette,Hargrave
Jerold,Fierro
Demetra,Eoff
Charleen,Bramble
Mario,Tondreau
Randi,Clemens
Maryam,Lasher
Sadye,Gayman
Dorla,Overlock
Leontine,Takemoto
Lyman,Flournoy
Ladawn,Cotton
Ethelene,Mcmullin
Peter,Sabia
Queenie,Bolin
Chun,Woodall
Pamelia,Manley
Margarett,Sellman
Kati,Fenn
Bong,Grogg
Michel,Wiechmann
Tobias,Threadgill
Inell,Rients
Tyisha,Micheals
Madeleine,Lucey
Delphine,Overmyer
Marianela,Shipley
Treasa,Blumer
Suanne,Hannold
Joey,Fickel
Jimmie,Augustus
Emmie,Baccus
Lenora,Moyer
Lashell,Windle
Tim,Faust
Verdie,Vanwinkle
Ulysses,Casteel
Sherie,Haner
Christena,Estep
Mercedez,Eastland
Bertie,Filip
Dorris,Drennen
Sibyl,Budniewski
Juanita,Visser
Loraine,Dilorenzo
Sharie,Mcveigh
Etta,Fauver
Mia,Rorie
Cassi,Stotler
Waldo,Predmore
Gwenda,Daigneault
Emil,Rogowski
Yulanda,Westberry
Chin,Trenholm
Robert,Keith
Jesus,Goble
Lyla,Saulters
Rocio,Salcido
Sol,Delapaz
Cherryl,Brenneman
Mickey,Jeff
Doris,Clegg
Laureen,Heesch
Melynda,Carraway
Vaughn,Reddin
Meghann,Kottke
Christine,Hower
Verna,Ketner
Chance,Durgan
Mammie,Miura
Gennie,Pugsley
Freddy,Carabello
Elvie,Alfieri
Leona,Doten
Alejandra,Homeyer
Patrice,Hammers
Lucretia,Folkerts
Lu,Wedgeworth
Delma,Citizen
Emeline,Sellman
Chaya,Loredo
Aurelia,Hartin
Anibal,Thao
Josiah,Spurgeon
Ginny,Halsted
Fredia,Witherington
Vincenza,Saito
Daryl,Sudduth
Shae,Bensinger
Woodrow,Stavros
Leonel,Dumlao
Wilhelmina,Almond
Annamarie,Blakeslee
Deloise,Skillman
Howard,Bennett
Genia,Kimbell
Gregory,Gannaway
Izetta,Delp
Malissa,Font
Susann,Murphy
Adaline,Rocker
Delphine,Metzger
Shad,Lampe
Rubin,Cicero
Dorian,Maya
Natalia,Sudderth
Willia,Janda
Susan,Lawhorn
Weston,Mcnary
Harlan,Fells
Ellena,Mccright
Tonda,Sherman
Cordelia,Niday
Vanda,Clutts
Earnestine,Heimann
Nigel,Makin
Keisha,Phipps
Staci,Champion
Rolanda,Cerrone
Suzanne,Cirillo
Tess,Foshee
Kennith,Rencher
Yadira,Goldstein
Jacob,Gallup
Liana,Blystone
Piper,Fisher
Mafalda,Noffsinger
Lashay,Dirks
Melany,Alfaro
Dawna,Jantz
Katharine,Hilaire
Tamisha,Belgrave
Jarvis,Vogl
Mayra,Englert
Alane,Folger
Audrie,Villanveva
Eliana,Dunavant
Yong,Thoreson
Kia,Veasey
Renetta,Marra
August,Ang
Ward,Bibler
Sarina,Blumenfeld
Xiao,Febres
Lura,Mayr
Zulema,Haldeman
Arminda,Rennick
Corrin,Rhode
Antoine,Penner
Danille,Hinshaw
Johnette,Hargrave
Jerold,Fierro
Demetra,Eoff
Charleen,Bramble
Mario,Tondreau
Randi,Clemens
Maryam,Lasher
Sadye,Gayman
Dorla,Overlock
Leontine,Takemoto
Lyman,Flournoy
Ladawn,Cotton
Ethelene,Mcmullin
Peter,Sabia
Queenie,Bolin
Chun,Woodall
Pamelia,Manley
Margarett,Sellman
Kati,Fenn
Bong,Grogg
Michel,Wiechmann
Tobias,Threadgill
Inell,Rients
Tyisha,Micheals
Madeleine,Lucey
Delphine,Overmyer
Marianela,Shipley
Treasa,Blumer
Suanne,Hannold
Joey,Fickel
Jimmie,Augustus
Emmie,Baccus
Lenora,Moyer
Lashell,Windle
Tim,Faust
Verdie,Vanwinkle
Ulysses,Casteel
Sherie,Haner
Christena,Estep
Mercedez,Eastland
Bertie,Filip
Dorris,Drennen
Sibyl,Budniewski
Juanita,Visser
Loraine,Dilorenzo
Sharie,Mcveigh
Etta,Fauver
Mia,Rorie
Cassi,Stotler
Waldo,Predmore
Gwenda,Daigneault
Emil,Rogowski
Yulanda,Westberry
Chin,Trenholm
Robert,Keith
Jesus,Goble
Lyla,Saulters
Rocio,Salcido
Sol,Delapaz
Cherryl,Brenneman
Mickey,Jeff
Doris,Clegg
Laureen,Heesch
Melynda,Carraway
Vaughn,Reddin
Meghann,Kottke
Christine,Hower
Verna,Ketner
Chance,Durgan
Mammie,Miura
Gennie,Pugsley
Freddy,Carabello
Elvie,Alfieri
Leona,Doten
Alejandra,Homeyer
Patrice,Hammers
Lucretia,Folkerts
Lu,Wedgeworth
Delma,Citizen
Emeline,Sellman
Chaya,Loredo
Aurelia,Hartin
Anibal,Thao
Josiah,Spurgeon
Ginny,Halsted
Fredia,Witherington
Vincenza,Saito
Daryl,Sudduth
Shae,Bensinger
Woodrow,Stavros
Leonel,Dumlao
Wilhelmina,Almond
Annamarie,Blakeslee
Deloise,Skillman
Howard,Bennett
Genia,Kimbell
Gregory,Gannaway
Izetta,Delp
Malissa,Font
Susann,Murphy
Adaline,Rocker
Delphine,Metzger
Shad,Lampe
Rubin,Cicero
Dorian,Maya
Natalia,Sudderth
Willia,Janda
Susan,Lawhorn
Weston,Mcnary
Harlan,Fells
Ellena,Mccright
Tonda,Sherman
Cordelia,Niday
Vanda,Clutts
Earnestine,Heimann
Nigel,Makin
Keisha,Phipps
Staci,Champion
Rolanda,Cerrone
Suzanne,Cirillo
Tess,Foshee
Kennith,Rencher
Yadira,Goldstein
Jacob,Gallup
Liana,Blystone
Piper,Fisher
Mafalda,Noffsinger
Lashay,Dirks
Melany,Alfaro
Dawna,Jantz
Katharine,Hilaire
Tamisha,Belgrave
Jarvis,Vogl
Mayra,Englert
Alane,Folger
Audrie,Villanveva
Eliana,Dunavant
Yong,Thoreson
Kia,Veasey
Renetta,Marra
August,Ang
Ward,Bibler
Sarina,Blumenfeld
Xiao,Febres
Lura,Mayr
Zulema,Haldeman
Arminda,Rennick
Corrin,Rhode
Antoine,Penner
Danille,Hinshaw
Johnette,Hargrave
Jerold,Fierro
Demetra,Eoff
Charleen,Bramble
Mario,Tondreau
Randi,Clemens
Maryam,Lasher
Sadye,Gayman
Dorla,Overlock
Leontine,Takemoto
Lyman,Flournoy
Ladawn,Cotton
Ethelene,Mcmullin
Peter,Sabia
Queenie,Bolin
Chun,Woodall
Pamelia,Manley
Margarett,Sellman
Kati,Fenn
Bong,Grogg
Michel,Wiechmann
Tobias,Threadgill
Inell,Rients
Tyisha,Micheals
Madeleine,Lucey
Delphine,Overmyer
Marianela,Shipley
Treasa,Blumer
Suanne,Hannold
Joey,Fickel
Jimmie,Augustus
Emmie,Baccus
Lenora,Moyer
Lashell,Windle
Tim,Faust
Verdie,Vanwinkle
Ulysses,Casteel
Sherie,Haner
Christena,Estep
Mercedez,Eastland
Bertie,Filip
Dorris,Drennen
Sibyl,Budniewski
Juanita,Visser
Loraine,Dilorenzo
Sharie,Mcveigh
Etta,Fauver
Mia,Rorie
Cassi,Stotler
Waldo,Predmore
Gwenda,Daigneault
Emil,Rogowski
Yulanda,Westberry
Chin,Trenholm
Robert,Keith
Jesus,Goble
Lyla,Saulters
Rocio,Salcido
Sol,Delapaz
Cherryl,Brenneman
Mickey,Jeff
Doris,Clegg
Laureen,Heesch
Melynda,Carraway
Vaughn,Reddin
Meghann,Kottke
Christine,Hower
Verna,Ketner
Chance,Durgan
Mammie,Miura
Gennie,Pugsley
Freddy,Carabello
Elvie,Alfieri
Leona,Doten
Alejandra,Homeyer
Patrice,Hammers
Lucretia,Folkerts
Lu,Wedgeworth
Delma,Citizen
Emeline,Sellman
Chaya,Loredo
Aurelia,Hartin
Anibal,Thao
Josiah,Spurgeon
Ginny,Halsted
Fredia,Witherington
Vincenza,Saito
Daryl,Sudduth
Shae,Bensinger
Woodrow,Stavros
Leonel,Dumlao
Wilhelmina,Almond
Annamarie,Blakeslee
Deloise,Skillman
Howard,Bennett
Genia,Kimbell
Gregory,Gannaway
Izetta,Delp
Malissa,Font
Susann,Murphy
Adaline,Rocker
Delphine,Metzger
Shad,Lampe
Rubin,Cicero
Dorian,Maya
Natalia,Sudderth
Willia,Janda
Susan,Lawhorn
Weston,Mcnary
Harlan,Fells
Ellena,Mccright
Tonda,Sherman
Cordelia,Niday
Vanda,Clutts
Earnestine,Heimann
Nigel,Makin
Keisha,Phipps
Staci,Champion
Rolanda,Cerrone
Suzanne,Cirillo
Tess,Foshee
Kennith,Rencher
Yadira,Goldstein
Jacob,Gallup
Liana,Blystone
Piper,Fisher
Mafalda,Noffsinger
Lashay,Dirks
Melany,Alfaro
Dawna,Jantz
Katharine,Hilaire
Tamisha,Belgrave
Jarvis,Vogl
Mayra,Englert
Alane,Folger
Audrie,Villanveva
Eliana,Dunavant
Yong,Thoreson
Kia,Veasey
Renetta,Marra
August,Ang
Ward,Bibler
Sarina,Blumenfeld
Xiao,Febres
Lura,Mayr
Zulema,Haldeman
Arminda,Rennick
Corrin,Rhode
Antoine,Penner
Danille,Hinshaw
Johnette,Hargrave
Jerold,Fierro
Demetra,Eoff
Charleen,Bramble
Mario,Tondreau
Randi,Clemens
Maryam,Lasher
Sadye,Gayman
Dorla,Overlock
Leontine,Takemoto
Lyman,Flournoy
Ladawn,Cotton
Ethelene,Mcmullin
Peter,Sabia
Queenie,Bolin
Chun,Woodall
Pamelia,Manley
Margarett,Sellman
Kati,Fenn
Bong,Grogg
Michel,Wiechmann
Tobias,Threadgill
Inell,Rients
Tyisha,Micheals
Madeleine,Lucey
Delphine,Overmyer
Marianela,Shipley
Treasa,Blumer
Suanne,Hannold
Joey,Fickel
Jimmie,Augustus
Emmie,Baccus
Lenora,Moyer
Lashell,Windle
Tim,Faust
Verdie,Vanwinkle
Ulysses,Casteel
Sherie,Haner
Christena,Estep
Mercedez,Eastland
Bertie,Filip
Dorris,Drennen
Sibyl,Budniewski
Juanita,Visser
Loraine,Dilorenzo
Sharie,Mcveigh
Etta,Fauver
Mia,Rorie
Cassi,Stotler
Waldo,Predmore
Gwenda,Daigneault
Emil,Rogowski
Yulanda,Westberry
Chin,Trenholm
Robert,Keith
Jesus,Goble
Lyla,Saulters
Rocio,Salcido
Sol,Delapaz
Cherryl,Brenneman
Mickey,Jeff
Doris,Clegg
Laureen,Heesch
Melynda,Carraway
Vaughn,Reddin
Meghann,Kottke
Christine,Hower
Verna,Ketner
Chance,Durgan
Mammie,Miura
Gennie,Pugsley
Freddy,Carabello
Elvie,Alfieri
Leona,Doten
Alejandra,Homeyer
Patrice,Hammers
Lucretia,Folkerts
Lu,Wedgeworth
Delma,Citizen
Emeline,Sellman
Chaya,Loredo
Aurelia,Hartin
Anibal,Thao
Josiah,Spurgeon
Ginny,Halsted
Fredia,Witherington
Vincenza,Saito
Daryl,Sudduth
Shae,Bensinger
Woodrow,Stavros
Leonel,Dumlao
Wilhelmina,Almond
Annamarie,Blakeslee
Deloise,Skillman
Howard,Bennett
Genia,Kimbell
Gregory,Gannaway
Izetta,Delp
Malissa,Font
Susann,Murphy
Adaline,Rocker
Delphine,Metzger
Shad,Lampe
Rubin,Cicero
Dorian,Maya
Natalia,Sudderth
Willia,Janda
Susan,Lawhorn
Weston,Mcnary
Harlan,Fells
Ellena,Mccright
Tonda,Sherman
Cordelia,Niday
Vanda,Clutts
Earnestine,Heimann
Nigel,Makin
Keisha,Phipps
Staci,Champion
Rolanda,Cerrone
Suzanne,Cirillo
Tess,Foshee
Kennith,Rencher
Yadira,Goldstein
Jacob,Gallup
Liana,Blystone
Piper,Fisher
Mafalda,Noffsinger
Lashay,Dirks
Melany,Alfaro
Dawna,Jantz
Katharine,Hilaire
Tamisha,Belgrave
Jarvis,Vogl
Mayra,Englert
Alane,Folger
Audrie,Villanveva
Eliana,Dunavant
Yong,Thoreson
Kia,Veasey
Renetta,Marra
August,Ang
Ward,Bibler
Sarina,Blumenfeld
Xiao,Febres
Lura,Mayr
Zulema,Haldeman
Arminda,Rennick
Corrin,Rhode
Antoine,Penner
Danille,Hinshaw
Johnette,Hargrave
Jerold,Fierro
Demetra,Eoff
Charleen,Bramble
Mario,Tondreau
Randi,Clemens
Maryam,Lasher
Sadye,Gayman
Dorla,Overlock
Leontine,Takemoto
Lyman,Flournoy
Ladawn,Cotton
Ethelene,Mcmullin
Peter,Sabia
Queenie,Bolin
Chun,Woodall
Pamelia,Manley
Margarett,Sellman
Kati,Fenn
Bong,Grogg
Michel,Wiechmann
Tobias,Threadgill
Inell,Rients
Tyisha,Micheals
Madeleine,Lucey
Delphine,Overmyer
Marianela,Shipley
Treasa,Blumer
Suanne,Hannold
Joey,Fickel
Jimmie,Augustus
Emmie,Baccus
Lenora,Moyer
Lashell,Windle
Tim,Faust
Verdie,Vanwinkle
Ulysses,Casteel
Sherie,Haner
Christena,Estep
Mercedez,Eastland
Bertie,Filip
Dorris,Drennen
Sibyl,Budniewski
Juanita,Visser
Loraine,Dilorenzo
Sharie,Mcveigh
Etta,Fauver
Mia,Rorie
Cassi,Stotler
Waldo,Predmore
Gwenda,Daigneault
Emil,Rogowski
Yulanda,Westberry
Chin,Trenholm
Robert,Keith
Jesus,Goble
Lyla,Saulters
Rocio,Salcido
Sol,Delapaz
Cherryl,Brenneman
Mickey,Jeff
Doris,Clegg
Laureen,Heesch
Melynda,Carraway
Vaughn,Reddin
Meghann,Kottke
Christine,Hower
Verna,Ketner
Chance,Durgan
Mammie,Miura
Gennie,Pugsley
Freddy,Carabello
Elvie,Alfieri
Leona,Doten
Alejandra,Homeyer
Patrice,Hammers
Lucretia,Folkerts
Lu,Wedgeworth
Delma,Citizen
Emeline,Sellman
Chaya,Loredo
Aurelia,Hartin
Anibal,Thao
Josiah,Spurgeon
Ginny,Halsted
Fredia,Witherington
Vincenza,Saito
Daryl,Sudduth
Shae,Bensinger
Woodrow,Stavros
Leonel,Dumlao
Wilhelmina,Almond
Annamarie,Blakeslee
Deloise,Skillman
Howard,Bennett
Genia,Kimbell
Gregory,Gannaway
Izetta,Delp
Malissa,Font
Susann,Murphy
Adaline,Rocker
Delphine,Metzger
Shad,Lampe
Rubin,Cicero
Dorian,Maya